ticker,momentum_12m,momentum_3m,volatility,quality_score,composite_score
APD,0.06328332720143393,-0.0963641552461788,0.4680229222825047,11.061213745622773,6.074429116683056
PBR,0.3530562269606219,0.18130947864136426,0.2876685881122854,2.5436358397110106,2.803390032782694
AVGO,0.3090115922719412,-0.0141067945831167,0.391782503867242,2.8018160816296156,2.350026929914098
NVDA,0.4593225498460767,0.3761366848026326,0.3475893634387343,-0.058764342535838024,1.9561998550683088
TRV,-0.11548009012988214,0.05527755445116789,0.4598641911467615,2.0632496658032755,1.8566944829482719
DE,0.33473801289653116,0.06071567870687766,0.27741826323826774,1.452346186221401,1.7903595254297282
UBER,0.624949150290985,0.05110481922877308,0.3578628766117083,2.0323532241005657,1.7813197093470177
COST,0.20911174196506987,0.1523799607453058,0.22592540335796335,1.183706156647642,1.7178198467445414
MA,0.2548194403506603,0.11051429070300078,0.2371372107131095,1.0224133369540316,1.7094798706668015
ROK,0.7651024030384987,0.16994900122668777,0.30581224266266527,0.9445333662380497,1.5653410103042407
WM,0.27000529548300256,0.2690041075555567,0.3051967240758867,1.4273623465179053,1.5431167621223265
TMO,1.023653617823601,0.10878256614421145,0.4142033887979637,0.5584647501118953,1.5167671931981008
EOG,0.20091254141292558,0.0058106829838031615,0.3452494631059116,2.113797857323257,1.4828151021096405
SBUX,0.44135162140508344,0.3050140989085126,0.3366090177992874,1.3548433082606852,1.406893069760148
HD,0.7579795994864098,0.26659178513219994,0.3086777302232893,0.9643412638827319,1.300500804279173
AMD,0.2983478784013496,0.16518642577511677,0.24783883155661682,0.3084739197322932,1.2740917196610457
TER,0.5783228391735351,0.05720922694614017,0.2231940511166917,0.937844274611291,1.258698574492014
PLTR,0.313693906151298,0.17494558425831164,0.21162485646300114,1.2462831050528207,1.2219196049937902
NET,0.4158538306994364,0.13214525213978479,0.2766943884200622,0.6795840850467889,1.1893685391332292
PSX,0.2999108695513051,-0.04362632136822331,0.29222337180044755,0.8974935945658137,1.1830888033867
COP,0.3753051411158199,0.21803228934659535,0.20945248934398403,0.10652009379498473,1.1165769170897766
DVN,0.38730994236728544,0.09486364666447478,0.22313418168889568,0.08895898828008059,1.103534623559692
TMUS,0.14591689313187572,0.022937077581976606,0.23598501215227988,1.4920291249336883,1.0512966682787517
KLAC,0.382986548873705,0.1035021111120209,0.30128598914894805,0.8670623848960687,1.0199484686445877
BABA,-0.017499486006695264,0.12651465473896284,0.322910137484307,0.884100144000856,0.9260866732956948
MPC,1.1275147727136434,0.29689404887719206,0.3614312413294663,0.3503942099027284,0.8452146304196583
CI,0.4417742408924865,0.057113958103338414,0.47113920699183737,0.2758023457923566,0.8429674297513062
BLK,0.9434199393644789,0.33526323539505687,0.34200910460870776,-0.42504413925691664,0.7934226493756303
AAPL,0.3376538200976107,0.023274651467074303,0.25062829035984463,0.8476912720574736,0.7407879311789556
UNH,0.2957518597582407,0.012756666707430364,0.34404701006024374,0.9676253609183342,0.6408115803809012
PGR,0.2835904181517064,0.0555254685949127,0.3516083407944769,0.530063150547615,0.6252425572243672
DIS,0.4063578449242211,0.185234440005712,0.2643968403308429,0.7276536224447943,0.539259924105135
LLY,0.07642236749416131,0.14064351812030784,0.314085233378572,-0.17200988236918952,0.5275074861484669
MET,0.253201356288421,0.08439582904758458,0.20577857200771504,0.6865371724241068,0.5100615465459206
MRK,0.23163061990487077,0.05619500287951151,0.2820506195045736,-0.12678805904389892,0.47716833833714306
ANET,0.24497342305383585,0.05022788551678836,0.19643474265232555,-0.31066018305523146,0.46557703225535335
CDNS,0.28385234092925526,0.05801313907320749,0.23404672999310877,0.27661167563904104,0.39957514505374636
PDD,0.2383247383820173,0.17013337380386462,0.22075372488266898,0.9313318163854075,0.37832271460908967
CSX,0.4827980714403979,-0.060535718039504416,0.3603455199828079,-0.08877440573088193,0.37055310186296014
QCOM,0.0858206409717952,0.10009668579809605,0.268574628306061,-0.361312184162085,0.34473219793011856
VLO,0.0714969027737431,0.1286247834741574,0.22171141989819754,0.2657637971305374,0.3369918055719556
SHEL,0.1316222387284922,0.08544374168892266,0.2623014460054486,1.1273143352702886,0.3161185110123622
HOOD,0.2516709059855604,-0.1452550330837169,0.49843238958302216,0.5770886152147892,0.303409634896189
ASML,-0.0012229593574976105,-0.025213139403329365,0.19781723000988266,0.5568182759744532,0.26145196436500134
JPM,0.4441588398497689,0.029051294869401945,0.2796153393995679,0.48624975846070523,0.22632679114004473
ARM,-0.06715114386225751,-0.05911675411143036,0.3257017715841601,0.21842184862301361,0.1597580353902754
ADSK,0.3211625290394422,-0.051488794362262724,0.30679701881539345,0.7165103228007791,0.12670333147619844
GE,0.19704603265087628,0.2326944571660301,0.24685552302782993,0.2604867014273611,0.11364938002929631
MCHP,0.8559388687267102,0.020630603318740448,0.340263620681728,-1.7717268303582567,0.11235900256477038
SCHW,0.6779875215503797,-0.1021457409291483,0.5348886463408449,0.29741379740649676,0.10285238263627208
HON,0.2747316772225421,0.04915555423275353,0.22576218026304068,-0.26243064770862434,0.0927095172338018
SLB,0.5420514507103529,-0.06426740393985786,0.42384533661633916,-1.1632250047195916,0.06521514148976926
VRTX,0.20962694148201289,0.08654123404835312,0.26726018572289917,1.09358061718414,0.03137172999609905
INTU,-0.1220036128042713,0.11118997699739963,0.4332494257183017,1.3182407053505238,0.01123605232068281
TSLA,-0.0005433015327512836,0.017604567107068814,0.24131071003275079,0.15940703870165293,-0.003456832728024911
WFC,2.2420644759618935,-0.2264843787040416,0.7889679202369643,-1.54205521915815,-0.02599011673626095
IBM,0.07549222112906517,0.08330519735697983,0.2668248160152294,1.089616806376067,-0.028953774358099205
JD,0.5099242278330687,0.09453268256025082,0.19155903548321054,-0.6101890881025422,-0.034150718357255916
ADBE,0.16042198868797275,0.1067036762809066,0.34271775480485356,-0.47365076857728605,-0.04729444833825194
NVO,-0.09565032553040731,0.036584808971298566,0.26320140979656514,0.6685001773411886,-0.05903473162802919
UPS,0.34365593674912853,-0.013549200569270226,0.30850987905606647,0.358061541084087,-0.0719068271556125
PRU,0.2653721805675442,0.09381559041805843,0.37951483511807266,0.6478318437065388,-0.08464252935063332
C,0.6346990910024082,0.1086109199838654,0.30543314797216614,-1.4537562456647868,-0.09502945472401236
CRM,0.526838520224246,0.1754505424195214,0.29540298735811443,-2.513548893167729,-0.09798850985399365
CB,-0.5278316517782651,-0.16451248316920686,0.5723863060235965,1.7394193306672356,-0.11625562947365442
CSCO,0.3966295003657776,0.34590798091285424,0.5469543136977998,0.01982885996722026,-0.13440480163402332
ZS,0.4458215189279702,0.0015171973469541022,0.2911431292928443,0.7482546896148559,-0.1756439663216176
MRNA,0.3313534527952746,0.09274133840236098,0.3197637395163129,-2.0753352753939733,-0.17740750498618874
ABBV,0.2838874098617101,0.17135364523175234,0.3849546481304924,-1.4430949780040632,-0.18564798455285203
DASH,-0.027895407723843357,0.152429039738601,0.2254568648336833,-0.09713430645007791,-0.1868621216472997
GFS,0.7315460016336872,0.028475059821239546,0.6952851549947683,-1.6715654531994233,-0.18997822340735637
MSFT,0.21185616446604238,0.11460885365097595,0.2670458430455282,-0.2969008246257423,-0.19045530429422436
SPOT,0.9612324845411293,0.38450259884696325,0.452639305253116,-2.8910841960150586,-0.20178301862227976
MCO,-0.4423373974269149,-0.11858142728793186,0.3610129534801355,1.3874086610407614,-0.21592560487008838
NFLX,2.369190875469593,-0.00812457392560706,0.5951257222774599,-2.1401803634454164,-0.24105594659727125
SHW,-0.3046343685762536,0.00740741996608163,0.4427415589893463,0.3691772339908225,-0.24146740594340893
NSC,-0.14347527349016476,0.17641543378579727,0.9138510521809665,-0.31456076421438356,-0.2442285130138091
DDOG,0.06961298735506594,0.14197606485216907,0.27288347551929154,-0.27370447509560153,-0.25013192996407974
VZ,-0.285851774963213,0.09520292217999105,0.3361135598700858,0.8632914210149918,-0.2527490673407663
AMAT,-0.527367301905989,-0.07099669581527002,0.7069778141619917,0.6084866113895723,-0.2714487160346258
NOW,0.016174369755084683,0.04318003814731597,0.3362375553722057,0.5226283751527945,-0.2769269493647012
XOM,-0.058311044828872505,-0.17948136095785205,0.47460459318022286,0.9390965340850582,-0.2785273417729269
MCD,-0.09030010302423008,0.43549941942745396,0.4410928680130444,-2.3885460986357963,-0.28316769056659064
ALL,0.7311447713642658,-0.2814763681213155,0.6211400135516214,-1.3126665952769327,-0.33071534986065676
ORCL,2.0270152500862455,-0.011301094059365746,0.7174144779030217,-1.693364100998826,-0.356214014734611
PFE,0.24044550465080894,0.15279051201455252,0.3224374071324915,-1.3321591924583494,-0.3659793973158638
MU,1.2971886262300178,-0.04583833882191635,0.4646631796824215,-1.9057119401703846,-0.41600668831219545
MPWR,1.087979865164407,0.28283654727066865,0.5402573202870676,-3.4450160562556826,-0.4168263562301049
WMT,0.02578857893311648,0.30485192933229754,0.6077939746031669,0.004394345023396611,-0.42475132618371664
CRWD,0.28289812512527845,0.005857605740184013,0.29039163067873447,-0.6493837082369818,-0.4334820432149392
TGT,0.6755322979707048,-0.023350001230024398,0.3021040771439932,-1.594836444404157,-0.4342372602916529
FCX,0.4517549598329298,0.08969974966917271,0.25632690637243133,-1.81121720878775,-0.4367054435404418
LIN,0.47115342389381043,0.38217068351110717,0.6521862303951362,-1.3142860207200433,-0.4569234804512901
CVS,-0.19198021111975494,0.029057792558069062,0.7204259715140995,0.16142437546019395,-0.46491801520805315
BSX,0.14323492968820983,0.02408123333806178,0.27079551142466685,-1.6264575018099359,-0.47988800254434777
BP,0.15403893597929175,0.01791377484855916,0.24974565022681464,-1.5720406287433437,-0.4813674639785292
BMY,0.5589154950922226,0.045945349587088735,0.5130216480926391,-1.5629753430089042,-0.4914024822308923
TTE,0.05630620738553649,0.03441665563380125,0.2011994986089527,-1.8140844407555743,-0.5017122816770878
SYK,3.075494351337462,-0.13688442426087466,0.7949997136820887,-1.8161360435969176,-0.5139543922024787
CVX,0.4706553127182551,-0.00022804687850619398,0.2461414830222932,-1.7924840734215572,-0.5149284721562832
OXY,-0.2000849024233552,0.08353698495555872,0.3593943333317073,0.09366724981592196,-0.5203323688293924
TXN,0.7637861437246474,-0.20559276980519237,0.7593711457111341,-1.8561022310588962,-0.5264926941166657
ISRG,0.6726330811093058,-0.3403933598825988,0.595606482172143,-1.9298112809347638,-0.5300100253227773
BIDU,0.024621775390762046,-0.06986272238557723,0.19231923513311774,-0.7468025689925181,-0.5469888902177951
UNP,0.014906499760662495,0.13667208949579268,0.27477856065100564,-2.363985515823695,-0.6200087026572637
MDT,-0.10824930170984026,-0.028166638543783096,0.36664651196289016,-1.063855335899447,-0.6202946952761804
BA,-0.3363551333092879,0.4950402259347766,0.5076678887691861,-0.5404557486689986,-0.6288555687308537
MS,5.5196618858018,-0.08479004770493737,0.8153927598757551,-2.084117642499823,-0.6440681490412985
INTC,0.13401640977199847,0.08075957360770358,0.4620245937015374,0.7666673570812333,-0.6858361576845935
CMCSA,-0.10375809342673281,0.025719829242426773,0.2631357624428383,-1.6327494609055795,-0.7090426233634605
REGN,0.439194820689252,-0.039774063842942686,0.31522914752334574,-0.1961294124289944,-0.7148824249928325
PH,2.4235710273807602,0.05595178899786091,0.7620064287813815,-1.9145382019825417,-0.7152137863197239
SE,1.2424438120971053,-0.13647975835431514,0.6021982187621084,-2.0186530029790646,-0.7390587040898748
T,0.4107882341987521,-0.02631575265063235,0.32890457420216473,-1.7858171973614068,-0.7408322708722965
PYPL,-0.049620124000129384,0.08152638729571238,0.2844206554610782,-0.7104358217765254,-0.7605675074935829
AMZN,-0.26105209820113107,0.1825868207999608,0.4013005191080884,-2.4989260990948634,-0.7973898495502801
CAT,-0.05155457858890866,0.032855133200809794,0.19176050660637858,-1.3692657994978699,-0.7979435101193413
FTNT,1.0413368472648448,-0.04505509642060945,0.396737975731984,-1.9521147324348385,-0.8386062269196666
ABNB,2.054348524345781,-0.09980217667157254,0.6430158212672435,-2.2804582993250277,-0.8977962518496214
AMGN,0.36757152187182696,0.0015159996655065289,0.3149109374220289,-0.36751254937572597,-0.9027193448824158
BAC,1.6190867777741076,0.2826349506809742,1.92214620637428,-3.6808915024210376,-0.9430308736428835
SNPS,-0.1745716834138149,0.3745391715303503,0.4754833618550738,-1.1873286933024882,-0.9588528888684746
NKE,0.041615802374671995,-0.19654117822962214,0.5250724984968136,-1.7423132368089567,-0.996402728009858
MRVL,-0.14895370994290225,0.07705600505877652,0.31735802879970204,-2.2825360395447363,-1.0158348052534838
V,0.015067522868488226,0.14003343598599494,0.23431022413818667,-1.657991683209245,-1.0594721849750894
COIN,-0.08218817173551307,-0.03185014060246172,0.1838126242585176,-0.7750262778183391,-1.0961755701514773
RIO,0.16230801553529473,-0.03726142714208236,0.25891672134429555,-1.350128857606976,-1.1081559234769944
AIG,-0.3236029787325789,0.21206829862284549,0.5678237025233297,-2.117777787817767,-1.1198078421352986
ON,-0.1962888285757205,0.16142992411307655,0.47170485205618334,-3.075779094777595,-1.1276628005731764
GOOGL,-0.12280799994110703,0.24596822819570008,0.2695061777232178,-2.0193308421875944,-1.1287905694634972
SMCI,-0.045490780586698754,-0.15794544976806835,0.40288640040654,-0.8744104814495366,-1.1293478319557535
JNJ,0.045738660296898104,0.05901767444970174,0.22068129696730665,-1.9134614378425594,-1.160671332457691
ABT,-0.11011785311631739,0.09290582721453222,0.25121005610869085,-1.9344908214040326,-1.2497919088778184
NEM,-0.36396570217957835,0.40607411359939105,0.6314513623956058,-1.7785199750970508,-1.2730885479705139
AXP,-0.22770930617371454,0.019275013587463308,0.3938799076861628,-1.1572183023635843,-1.3308361673362779
SPGI,0.5134278662923053,0.20750075363830245,0.49736567254152225,-1.5874377948179161,-1.3604494728728844
PANW,-0.5113561101529961,0.09009964309894802,0.37873395898892853,-1.616734739218553,-1.368770212091028
ALGN,-0.4842438173128877,0.21408636704277395,0.4862558236029552,-1.7971079272986585,-1.3711870893654736
RSG,-0.2518762760381793,-0.04676570130919022,0.29492567687513027,-1.792008918117467,-1.3743239687081925
GS,-0.009635584680270814,0.26154118378008673,0.3241780561278356,-2.4865948976742334,-1.3772375133517576
ICE,0.3968247320353542,0.3693721810756132,0.6367983260782324,-2.148824615543477,-1.3785913751913226
LRCX,0.04294956018912677,-3.8124316378951306e-05,0.23603890114620785,-1.9945635644218949,-1.397895096415991
ECL,-0.1917781101955156,0.04871459047455162,0.3142092145584414,-1.6588802532118898,-1.4338709090296817
DHR,0.2955973556297846,0.09924680713717393,0.3294674878006383,-1.8892654521012762,-1.522245618678932
HUM,-0.05747924391785808,-0.13526366566209713,0.4867765380134034,-1.9921754670590417,-1.5238029505807331
EMR,-0.08414479933920871,0.139042245083294,0.29432354628779406,-2.9422101855549387,-1.574521032747949
GILD,-0.1516297490284083,0.05343396059879213,0.2531992370978646,-1.8490720030927454,-1.603842098616367
META,-0.22943173590739097,0.21374707212670563,0.3703355768407169,-2.2250658430182595,-1.613253802187344
ETN,-0.13035932812546913,0.06846540643503718,0.25089357338510665,-2.2227777669296733,-1.6649768777875578
CME,-0.40523040714541436,-0.08687089762782807,0.3588362866094791,-2.2121251319974613,-1.6837729021375976
SNOW,-0.0256505778380125,-0.09706316607715337,0.5189883567990771,-1.6883231997155945,-1.9072404680713997
