ticker,last_close,ret_1m,ret_3m,ret_6m,ret_12m,momentum_z,vol_12m,maxdd_12m,from_high,quality_z,composite
DELL,567.2899780273438,0.1708771476312565,0.45159631053657967,2.802185284799948,3.6164641304036724,2.838631894829485,0.7908073205976192,-0.3234115299090461,0.0,-0.9357671241806533,1.3288722872254297
VLO,390.4200134277344,0.18233858311597229,0.5333678722009958,0.6699501897759228,1.5154428019285486,1.4891407783090447,0.34519441080170044,-0.1418699296306688,0.0,-0.3264621431962872,0.762899609706912
MPC,395.9299926757813,0.14002615925158368,0.5222350178372701,0.7322089986164451,1.2155497584620263,1.3071224286612322,0.3399757281334076,-0.18328664559678587,-0.008787326617693658,-0.17790083675733592,0.7131131224938049
CRM,247.72000122070312,0.28139867491960957,0.488254765770479,0.24940042997115186,0.029874430081158865,1.1568686504001715,0.578122448377612,-0.4467729192545187,-0.08709420746639707,0.03714710149657241,0.7089800308387318
MU,975.260009765625,0.07019722951058482,-0.020544844633309522,1.4073512027106214,5.9773233258423435,1.8320754879508683,0.9294784867471538,-0.3909541844002312,-0.19624082805203846,-1.089493224407827,0.6634480030073902
PSX,259.4700012207031,0.15633991497093613,0.46461063712265416,0.5092246674773435,1.0328221020978514,1.1276558479105903,0.30395425998539133,-0.17277460615915308,-0.005023382025944545,-0.11512584493496908,0.6305431707723665
HPE,62.09000015258789,0.056131981385783014,0.3305910051461063,1.9042257129943887,1.5934250430384678,1.4334027183724238,0.6205156674828803,-0.2635685598837376,0.0,-0.6719560265633184,0.591259220398127
SNOW,328.989990234375,-0.009841748736348577,0.3685677069332436,0.856078929389986,0.45667470154322887,0.5348073281959924,0.5004746999804269,-0.5630006703868291,-0.07708926667664884,0.6235666397672227,0.5703110528244846
OKTA,166.5,0.13034620876074077,0.4170212765957446,1.1089297838624819,0.8456934008400707,1.2177378827121446,0.7004178566348587,-0.37754697077187216,-0.03779469220920806,-0.5167391064941307,0.5239470870296344
AMD,516.1300048828125,0.06874704969778156,0.056669038763477175,1.6101445865523414,2.2351136179198674,1.114203399842131,0.7035726508524434,-0.2776075108828485,-0.11151464298513847,-0.8498273829870233,0.3285910867104692
NOW,132.52999877929688,0.060749129098585986,0.28570039217218834,0.17314328890180763,-0.2825124487657056,0.1296700661564891,0.6009827263163732,-0.5943224558510063,-0.35223560926681574,0.4548763720131714,0.25975258849916205
INTC,102.94000244140624,0.019712784084424673,-0.11987001327642521,1.2749171810255522,3.1558336915226706,0.8000498253462766,0.7673350694977262,-0.41904359418853865,-0.2696182726107016,-0.5620038859135295,0.25522834084235413
COP,137.35000610351562,0.08614379537655514,0.19856197116925167,0.15827086699849935,0.5021222591484094,0.2678000770950893,0.2921451033882158,-0.22281685902311965,0.0,0.079182961064094,0.19235323068269117
CVX,214.05999755859372,0.0983119191269457,0.16202844123701854,0.1062895957896659,0.41007032844163205,0.20627898858028534,0.24845161467273738,-0.20810996389650538,0.0,0.1489751938171025,0.1833574706750122
COIN,175.25999450683594,0.17592594204137502,0.09243908563297865,-0.09299799005347709,-0.4442189492542432,0.03440648976174884,0.7029382991766504,-0.6638953815137105,-0.5824956048013605,0.4065298642649706,0.18325583956303756
INTU,321.57000732421875,-0.03925781860809163,0.16642398467085173,-0.25541190208260833,-0.5044912333765397,-0.5748083729141421,0.44906238995675696,-0.6819406517170054,-0.5972423123595612,1.1482075136762417,0.11439798172201149
DE,675.739990234375,0.09030764467351404,0.19142423491086147,0.15984661684287693,0.4515849425053613,0.2583996670417038,0.3382817376045156,-0.19898026819513415,-0.03240403373718137,-0.12237068364551743,0.10609152676681531
MSFT,495.6300048828125,0.008393153523299723,0.2721294926115181,0.2383381805824003,-0.001323242688021864,0.058462414507146426,0.4141379077535277,-0.34498397568158834,-0.07814879190681956,0.14774940046978158,0.09417720889220049
XOM,165.99000549316406,0.04578917885284017,0.13959620640266968,0.09554330063014538,0.5182297332848578,0.04518738383244715,0.25387218575145765,-0.20112264413803926,-0.019077646396853387,0.1116962588725417,0.07179093384848498
QCOM,181.97000122070312,0.12197440481124144,-0.09853976665383901,0.40019934101696797,0.16866626991130618,-0.007292959004948363,0.48473906716018683,-0.40978731642585986,-0.26844022803177214,0.16827222160721747,0.06293311323991797
V,370.4500122070313,0.030688326657454246,0.16326038950311106,0.21340172044683214,0.10437924926375675,-0.012581992283366289,0.20294736417578918,-0.17180513781287055,-0.035638053624627464,0.15349000142177077,0.053846805198688535
SMCI,40.09999847412109,0.06620573845681332,0.2543008863115783,0.29773459447144157,-0.08676842146506114,0.20741109605777114,0.918387373535604,-0.6618349366456124,-0.3394828021933348,-0.17984006260312602,0.052510632593412265
AAPL,332.2699890136719,0.0993217171668217,0.1249080469840651,0.30146598397561886,0.4705118944844644,0.26280533145511614,0.321022627198406,-0.13798523953754416,-0.02212250288257611,-0.27404396805831105,0.04806561164974524
MRK,143.92999267578125,0.08283173832760582,0.20043908961509538,0.2599322254858354,0.7701038922654331,0.37305359260982135,0.36043838342447093,-0.11365485575233647,-0.08002559614368598,-0.45911854178042977,0.0401847388537209
MA,569.1900024414062,0.016901045687661487,0.1719062955910109,0.14842635225607026,-0.011465823596598423,-0.09871349035149209,0.21632728567397314,-0.20913858967486376,-0.051128569431383775,0.23874842361790277,0.03627127523626587
BAC,62.68999862670898,-0.027775802490754842,0.14231052777256825,0.34388349601896206,0.27720510294274336,-0.10794894598478276,0.1767340994675016,-0.1793167367144004,-0.027775802490754842,0.24841567199409326,0.03459690120676766
META,648.030029296875,0.11951292498701482,0.14109155182748023,0.017245897247790465,-0.13541058641428405,0.06456014345037167,0.46663171134775155,-0.33296881593442285,-0.1770202733477425,-0.03251293542455265,0.025730911900401943
CME,275.5400085449219,0.05593120614147673,0.05589094948609952,-0.1057912106642348,0.10128305419872241,-0.23516418758647994,0.28219244125396525,-0.3108934680698645,-0.12724051391042457,0.39203112252800265,0.0157139364593131
CRWD,206.7400054931641,-0.06781492185460669,0.19584108706527492,0.8728994110813904,0.9463836737742908,0.25707525928800756,0.6437618266123263,-0.3717827173511796,-0.10502162124171388,-0.3830250277961781,0.001035144454333281
ACN,183.8999938964844,0.020872624178836396,0.11097918898805914,-0.0426445670196145,-0.22796456011499222,-0.31190648357151884,0.6158971499176857,-0.5842054708345442,-0.3781417795485166,0.38188864961061886,-0.03438843029866376
ABBV,257.1199951171875,0.033606692374009484,0.1520671705129717,0.1585323822027056,0.2525826417868,-0.00865693936126246,0.2895512338680866,-0.17315232572100092,-0.033274452242348374,-0.07514688445617823,-0.03525291739922877
PFE,27.71999931335449,0.053591785482068,0.07775810200540323,0.06740512362814499,0.20732862544887687,-0.10617314253358702,0.22075870916998522,-0.1572429309198754,-0.044796730665157436,0.05827001490621242,-0.04039587955766724
JPM,356.2300109863281,-0.02450841193098785,0.14145526306448297,0.27139907164448673,0.20797549059682963,-0.14997779688254836,0.20028100464273368,-0.154717373788531,-0.02450841193098785,0.10516348549507737,-0.04792128393149806
SLB,56.060001373291016,0.07110585657387358,0.006265694449855808,0.2712371874294186,0.5882336984362551,0.03293954555656868,0.40082262682851555,-0.22272018675245275,-0.06238135648965848,-0.2135339240067018,-0.06564984226873952
NFLX,77.4000015258789,0.04298615389787419,-0.04761898950463006,-0.1793022634976622,-0.37966354989319107,-0.5661633310894966,0.3791404489599331,-0.4752693751604904,-0.3991989337277647,0.6650747584753666,-0.07366809526355128
ADBE,252.22999572753903,-0.025198084144776645,0.15278789858093944,-0.06505301775953842,-0.2796721696092651,-0.4103952236479679,0.49349396674367324,-0.4940089770734932,-0.3401266163362938,0.4182659045142313,-0.07893077238308818
PANW,330.6499938964844,-0.14562934923381565,0.1828783863643535,0.9667499613356869,0.6756194741211852,-0.008325557926490867,0.562160873819146,-0.3600596483682511,-0.16502526793817074,-0.2015492925314222,-0.0856150517684634
JNJ,265.5799865722656,0.023115224957144465,0.1198330517405779,0.10900970146538591,0.5448264660276727,-0.034782159100414003,0.2547164289435201,-0.109591224616155,-0.04615165909399299,-0.1878663093900103,-0.09601581921625253
MS,214.3800048828125,-0.014978838981705045,0.01363730121963802,0.40389033362061433,0.42252716115495415,-0.18486128490820183,0.27964957581224126,-0.18830207649322972,-0.05683610502587466,0.0006999747039974635,-0.11063678106332211
UNH,379.0899963378906,-0.06533691718057877,-0.05990588630965099,0.37612401180571053,0.12244861815351094,-0.5174748878604517,0.23681693118461852,-0.28960656735675405,-0.13122495465725093,0.44497728193669733,-0.1324940199415921
ANET,199.58999633789065,-0.051828996019521845,0.2761509215274791,0.48914420768256095,0.3242435955505729,0.08507389267905491,0.5665520685882482,-0.28328088546368435,-0.051828996019521845,-0.4627389797449182,-0.13405125629053435
KO,88.29000091552734,0.01822167971095756,0.07669971473709469,0.1528285891323362,0.33869725480433543,-0.1383617133621547,0.21691101867402746,-0.07867633306629684,-0.04022173099429349,-0.1865593251268225,-0.1576407580680218
PLTR,167.22999572753906,-0.0222754777136831,0.2757857292607997,0.08944622623803955,0.002938648304141367,-0.0926312674659293,0.7540279181016906,-0.4822376656276136,-0.19282748508810155,-0.3209479612894839,-0.18395794499535112
GS,1029.1800537109375,-0.002882177369692096,-0.0013705470841139933,0.31905039494648735,0.3636299381800525,-0.22402768887635205,0.3477784641032739,-0.1942219429676295,-0.10229360631021234,-0.16337703851153654,-0.19976742873042586
TSLA,365.4400024414063,0.11581323179381608,-0.08445444562331728,-0.07485888102370808,0.05074899641403774,-0.2533448189417257,0.572306292097674,-0.39103453018952694,-0.2540213954459609,-0.12824068974616076,-0.20330316726349973
APD,291.42999267578125,-0.0415694226460156,0.05436630171467405,0.015832259216106648,0.040683703829471396,-0.47759917178244393,0.2650915329267675,-0.2239070780554301,-0.07244027368397743,0.15551308703478584,-0.22435426825555205
ORCL,150.27999877929688,-0.019572025208061228,-0.18086466590963968,-0.04919886043846666,-0.5370729425921095,-0.9085789477232167,0.5558765072952213,-0.6457813296858512,-0.5370729425921095,0.7433739078685808,-0.24779780548649766
NVDA,218.2899932861328,-0.024792449282857842,0.06669722286781954,0.19465413088102435,0.23400050495688407,-0.28262626458840134,0.39975423520461056,-0.20214390449746988,-0.07190572811190499,-0.2774904553001991,-0.28057194087312043
CAT,818.5700073242188,-0.043279534032664824,-0.0863846668743935,0.1726295554265016,0.9529887397115131,-0.3812422032616055,0.42569429457059094,-0.26696840244074427,-0.2298915487645834,-0.13673575274444721,-0.2834396230547422
PEP,136.32000732421875,-0.0066597255609553985,-0.041422861082802576,-0.12359409034314728,-0.005722466708349638,-0.5840899038863406,0.22657389956749743,-0.19298392525350316,-0.17608239002718484,0.1587095146933175,-0.2869701364544774
GOOGL,338.5,-0.014037473084176466,-0.0532532095764755,0.11652095415506647,0.4189919805997191,-0.40739604277034464,0.3615768731081901,-0.21047200943300937,-0.15821396043791514,-0.14772273284588813,-0.30352671880056203
LIN,466.2200012207031,-0.024351089345294397,-0.0925125783361549,-0.04317917031127272,-0.00032888100691241817,-0.6670897269366783,0.20960773605070532,-0.19184832676642194,-0.14430829440447157,0.20066953032766882,-0.31998602403093945
AMZN,256.7799987792969,-0.03928464549519184,0.06322721468998549,0.22550470231124087,0.11483522223754017,-0.3441225948187025,0.4233776383948854,-0.2173622311569574,-0.09590870814752317,-0.2916218981785168,-0.3231223161626282
LLY,1115.699951171875,-0.08439156380888835,-0.037599560193002035,0.14527709565852187,0.4878171503880042,-0.5590011169157235,0.32767381565855436,-0.2318226469461353,-0.12859085793120018,0.012841500105054554,-0.33026407010741227
NKE,36.79999923706055,-0.08194578522388307,-0.19080996433973652,-0.3067956225700855,-0.4880354972847606,-1.2090951617105088,0.3184712672631446,-0.5201411287137938,-0.5177824518762143,0.9740505542050036,-0.33583687534430373
CSCO,112.12999725341795,-0.09484985680104063,-0.0761760632528018,0.4556128352518689,0.6799033327964963,-0.4524158137544584,0.3461354592054616,-0.17044668268235585,-0.13423483731657926,-0.23617771796520262,-0.36592057543875606
COST,904.77001953125,-0.047189280262996625,-0.07121262976471221,-0.09547957378216132,-0.04835452904862303,-0.7395642691914486,0.20182334704763769,-0.17408553926796222,-0.17189804879961756,0.16392090181261415,-0.37817020078982344
HD,308.739990234375,-0.09438554940113364,-0.04599498253013712,-0.07547866232710565,-0.23170358291544602,-0.8767138843003435,0.2740464151951918,-0.28809189674142033,-0.2501933847123613,0.33988969190881935,-0.3900724538166783
GE,323.6600036621094,-0.11406121709615957,-0.026134621573959627,0.05661377200587325,0.14782006860497265,-0.7527415244813978,0.2914755783603318,-0.20851491484155849,-0.1509889233888072,0.034532103887733756,-0.4378320731337451
BA,210.4499969482422,-0.08974913613275359,-0.05044446910733846,0.027788643260665102,-0.07502640209067923,-0.7836319636376821,0.32863922578028243,-0.24961328061128596,-0.16537774323865895,0.06802741246361893,-0.4429682131971617
WMT,107.1500015258789,-0.07416153114567159,-0.10865959379822432,-0.13961271080747994,0.07610947344031005,-0.8589202175837758,0.2891642145218359,-0.23341506413434543,-0.19965332509072908,0.12162583451879513,-0.46670179674274737
ISRG,369.1499938964844,-0.08004584443541107,-0.10595786061205004,-0.22976609769331113,-0.17963023938034361,-0.9761453760269805,0.4870505716346661,-0.4399595130529892,-0.3773298320006869,0.2600513079120757,-0.48166670245135795
FSLR,209.02999877929688,-0.07822906539195396,-0.22915518520264977,0.05805831829543995,0.025712771312607074,-0.95763517971407,0.4544845525738188,-0.37395127889029356,-0.3431893204106933,0.13327938004945095,-0.5212693558086616
AVGO,361.989990234375,-0.12993630367679443,-0.059670330550189776,0.0814163261510521,-0.013333572894457357,-0.8726185838645477,0.42608064600250184,-0.28665993697753134,-0.24712317895271207,-0.07381778645972337,-0.5530982649026179
